line_id,official_label,predicted_label,log_level,message,template_id,rule_hit,error_reason,recommended_fix
32,-,未知严重事件,FATAL,force load/store alignment...............0,474a647572c3,False,label_definition_or_severe_level_false_positive,人工复核该模板；结合历史正常模板、上下文和组件知识降低误报
85,-,未知严重事件,FATAL,ciod: LOGIN chdir(/p/gb2/glosli/8M_5000K/t800) failed: No such file or directory,c603480c19d0,False,label_definition_or_severe_level_false_positive,人工复核该模板；结合历史正常模板、上下文和组件知识降低误报
174,-,未知严重事件,FATAL,instruction address: 0x00004ed8,98d997a2a483,False,label_definition_or_severe_level_false_positive,人工复核该模板；结合历史正常模板、上下文和组件知识降低误报
175,-,未知严重事件,FATAL,instruction address: 0x00004ed8,98d997a2a483,False,label_definition_or_severe_level_false_positive,人工复核该模板；结合历史正常模板、上下文和组件知识降低误报
176,-,未知严重事件,FATAL,instruction address: 0x00004ed8,98d997a2a483,False,label_definition_or_severe_level_false_positive,人工复核该模板；结合历史正常模板、上下文和组件知识降低误报
177,-,未知严重事件,FATAL,instruction address: 0x00004ed8,98d997a2a483,False,label_definition_or_severe_level_false_positive,人工复核该模板；结合历史正常模板、上下文和组件知识降低误报
178,-,未知严重事件,FATAL,instruction address: 0x00004ed8,98d997a2a483,False,label_definition_or_severe_level_false_positive,人工复核该模板；结合历史正常模板、上下文和组件知识降低误报
179,-,未知严重事件,FATAL,instruction address: 0x00004ed8,98d997a2a483,False,label_definition_or_severe_level_false_positive,人工复核该模板；结合历史正常模板、上下文和组件知识降低误报
180,-,未知严重事件,FATAL,instruction address: 0x00004ed8,98d997a2a483,False,label_definition_or_severe_level_false_positive,人工复核该模板；结合历史正常模板、上下文和组件知识降低误报
194,-,未知严重事件,FATAL,instruction address: 0x00004ed8,98d997a2a483,False,label_definition_or_severe_level_false_positive,人工复核该模板；结合历史正常模板、上下文和组件知识降低误报
195,-,未知严重事件,FATAL,instruction address: 0x00004ed8,98d997a2a483,False,label_definition_or_severe_level_false_positive,人工复核该模板；结合历史正常模板、上下文和组件知识降低误报
196,-,未知严重事件,FATAL,instruction address: 0x00004ed8,98d997a2a483,False,label_definition_or_severe_level_false_positive,人工复核该模板；结合历史正常模板、上下文和组件知识降低误报
197,-,未知严重事件,FATAL,instruction address: 0x00004ed8,98d997a2a483,False,label_definition_or_severe_level_false_positive,人工复核该模板；结合历史正常模板、上下文和组件知识降低误报
198,-,未知严重事件,FATAL,instruction address: 0x00004ed8,98d997a2a483,False,label_definition_or_severe_level_false_positive,人工复核该模板；结合历史正常模板、上下文和组件知识降低误报
199,-,未知严重事件,FATAL,instruction address: 0x00004ed8,98d997a2a483,False,label_definition_or_severe_level_false_positive,人工复核该模板；结合历史正常模板、上下文和组件知识降低误报
200,-,未知严重事件,FATAL,instruction address: 0x00004ed8,98d997a2a483,False,label_definition_or_severe_level_false_positive,人工复核该模板；结合历史正常模板、上下文和组件知识降低误报
201,-,未知严重事件,FATAL,instruction address: 0x00004ed8,98d997a2a483,False,label_definition_or_severe_level_false_positive,人工复核该模板；结合历史正常模板、上下文和组件知识降低误报
203,-,未知严重事件,FATAL,instruction address: 0x00004ed8,98d997a2a483,False,label_definition_or_severe_level_false_positive,人工复核该模板；结合历史正常模板、上下文和组件知识降低误报
204,-,未知严重事件,FATAL,instruction address: 0x00004ed8,98d997a2a483,False,label_definition_or_severe_level_false_positive,人工复核该模板；结合历史正常模板、上下文和组件知识降低误报
205,-,未知严重事件,FATAL,data address: 0x00000002,ac12124d9f06,False,label_definition_or_severe_level_false_positive,人工复核该模板；结合历史正常模板、上下文和组件知识降低误报
206,-,未知严重事件,FATAL,data address: 0x00000002,ac12124d9f06,False,label_definition_or_severe_level_false_positive,人工复核该模板；结合历史正常模板、上下文和组件知识降低误报
207,-,未知严重事件,FATAL,machine check: i-fetch......................0,768bbaedecda,False,label_definition_or_severe_level_false_positive,人工复核该模板；结合历史正常模板、上下文和组件知识降低误报
208,-,未知严重事件,FATAL,machine check: i-fetch......................0,768bbaedecda,False,label_definition_or_severe_level_false_positive,人工复核该模板；结合历史正常模板、上下文和组件知识降低误报
209,-,未知严重事件,FATAL,program interrupt: illegal instruction......0,e0f7eef3f509,False,label_definition_or_severe_level_false_positive,人工复核该模板；结合历史正常模板、上下文和组件知识降低误报
215,-,未知严重事件,FATAL,instruction address: 0x00004ed8,98d997a2a483,False,label_definition_or_severe_level_false_positive,人工复核该模板；结合历史正常模板、上下文和组件知识降低误报
217,-,未知严重事件,FATAL,instruction address: 0x00004ed8,98d997a2a483,False,label_definition_or_severe_level_false_positive,人工复核该模板；结合历史正常模板、上下文和组件知识降低误报
219,-,未知严重事件,FATAL,data address: 0x00000002,ac12124d9f06,False,label_definition_or_severe_level_false_positive,人工复核该模板；结合历史正常模板、上下文和组件知识降低误报
221,-,未知严重事件,FATAL,data address: 0x00000002,ac12124d9f06,False,label_definition_or_severe_level_false_positive,人工复核该模板；结合历史正常模板、上下文和组件知识降低误报
222,-,未知严重事件,FATAL,data address: 0x00000002,ac12124d9f06,False,label_definition_or_severe_level_false_positive,人工复核该模板；结合历史正常模板、上下文和组件知识降低误报
224,-,未知严重事件,FATAL,data address: 0x00000002,ac12124d9f06,False,label_definition_or_severe_level_false_positive,人工复核该模板；结合历史正常模板、上下文和组件知识降低误报
225,-,未知严重事件,FATAL,machine check: i-fetch......................0,768bbaedecda,False,label_definition_or_severe_level_false_positive,人工复核该模板；结合历史正常模板、上下文和组件知识降低误报
230,-,未知严重事件,FATAL,data address: 0x00000002,ac12124d9f06,False,label_definition_or_severe_level_false_positive,人工复核该模板；结合历史正常模板、上下文和组件知识降低误报
231,-,未知严重事件,FATAL,instruction address: 0x00004ed8,98d997a2a483,False,label_definition_or_severe_level_false_positive,人工复核该模板；结合历史正常模板、上下文和组件知识降低误报
232,-,未知严重事件,FATAL,exception syndrome register: 0x00800000,f83310874794,False,label_definition_or_severe_level_false_positive,人工复核该模板；结合历史正常模板、上下文和组件知识降低误报
233,-,未知严重事件,FATAL,exception syndrome register: 0x00800000,f83310874794,False,label_definition_or_severe_level_false_positive,人工复核该模板；结合历史正常模板、上下文和组件知识降低误报
234,-,未知严重事件,FATAL,exception syndrome register: 0x00800000,f83310874794,False,label_definition_or_severe_level_false_positive,人工复核该模板；结合历史正常模板、上下文和组件知识降低误报
235,-,未知严重事件,FATAL,exception syndrome register: 0x00800000,f83310874794,False,label_definition_or_severe_level_false_positive,人工复核该模板；结合历史正常模板、上下文和组件知识降低误报
236,-,未知严重事件,FATAL,program interrupt: illegal instruction......0,e0f7eef3f509,False,label_definition_or_severe_level_false_positive,人工复核该模板；结合历史正常模板、上下文和组件知识降低误报
237,-,未知严重事件,FATAL,program interrupt: illegal instruction......0,e0f7eef3f509,False,label_definition_or_severe_level_false_positive,人工复核该模板；结合历史正常模板、上下文和组件知识降低误报
238,-,未知严重事件,FATAL,data address: 0x00000002,ac12124d9f06,False,label_definition_or_severe_level_false_positive,人工复核该模板；结合历史正常模板、上下文和组件知识降低误报
239,-,未知严重事件,FATAL,exception syndrome register: 0x00800000,f83310874794,False,label_definition_or_severe_level_false_positive,人工复核该模板；结合历史正常模板、上下文和组件知识降低误报
240,-,未知严重事件,FATAL,machine check: i-fetch......................0,768bbaedecda,False,label_definition_or_severe_level_false_positive,人工复核该模板；结合历史正常模板、上下文和组件知识降低误报
241,-,未知严重事件,FATAL,data store interrupt caused by dcbf.........0,00021a1059b6,False,label_definition_or_severe_level_false_positive,人工复核该模板；结合历史正常模板、上下文和组件知识降低误报
242,-,未知严重事件,FATAL,machine check: i-fetch......................0,768bbaedecda,False,label_definition_or_severe_level_false_positive,人工复核该模板；结合历史正常模板、上下文和组件知识降低误报
243,-,未知严重事件,FATAL,data store interrupt caused by dcbf.........0,00021a1059b6,False,label_definition_or_severe_level_false_positive,人工复核该模板；结合历史正常模板、上下文和组件知识降低误报
244,-,未知严重事件,FATAL,program interrupt: illegal instruction......0,e0f7eef3f509,False,label_definition_or_severe_level_false_positive,人工复核该模板；结合历史正常模板、上下文和组件知识降低误报
245,-,未知严重事件,FATAL,program interrupt: illegal instruction......0,e0f7eef3f509,False,label_definition_or_severe_level_false_positive,人工复核该模板；结合历史正常模板、上下文和组件知识降低误报
246,-,未知严重事件,FATAL,program interrupt: privileged instruction...0,bc871b351237,False,label_definition_or_severe_level_false_positive,人工复核该模板；结合历史正常模板、上下文和组件知识降低误报
247,-,未知严重事件,FATAL,program interrupt: privileged instruction...0,bc871b351237,False,label_definition_or_severe_level_false_positive,人工复核该模板；结合历史正常模板、上下文和组件知识降低误报
248,-,未知严重事件,FATAL,program interrupt: trap instruction.........0,3caa5993ff39,False,label_definition_or_severe_level_false_positive,人工复核该模板；结合历史正常模板、上下文和组件知识降低误报
249,-,未知严重事件,FATAL,program interrupt: imprecise exception......0,2663a9b074d7,False,label_definition_or_severe_level_false_positive,人工复核该模板；结合历史正常模板、上下文和组件知识降低误报
250,-,未知严重事件,FATAL,store operation.............................1,49d8fa7831d7,False,label_definition_or_severe_level_false_positive,人工复核该模板；结合历史正常模板、上下文和组件知识降低误报
251,-,未知严重事件,FATAL,store operation.............................1,49d8fa7831d7,False,label_definition_or_severe_level_false_positive,人工复核该模板；结合历史正常模板、上下文和组件知识降低误报
252,-,未知严重事件,FATAL,machine state register: 0x00002000,0bc9a84091eb,False,label_definition_or_severe_level_false_positive,人工复核该模板；结合历史正常模板、上下文和组件知识降低误报
253,-,未知严重事件,FATAL,data store interrupt caused by icbi.........0,3ef767b16f1e,False,label_definition_or_severe_level_false_positive,人工复核该模板；结合历史正常模板、上下文和组件知识降低误报
254,-,未知严重事件,FATAL,"problem state (0=sup,1=usr).......0",5faa7f6dd8c3,False,label_definition_or_severe_level_false_positive,人工复核该模板；结合历史正常模板、上下文和组件知识降低误报
255,-,未知严重事件,FATAL,data store interrupt caused by icbi.........0,3ef767b16f1e,False,label_definition_or_severe_level_false_positive,人工复核该模板；结合历史正常模板、上下文和组件知识降低误报
256,-,未知严重事件,FATAL,data store interrupt caused by icbi.........0,3ef767b16f1e,False,label_definition_or_severe_level_false_positive,人工复核该模板；结合历史正常模板、上下文和组件知识降低误报
257,-,未知严重事件,FATAL,floating point instr. enabled.....1,e36a28d281da,False,label_definition_or_severe_level_false_positive,人工复核该模板；结合历史正常模板、上下文和组件知识降低误报
258,-,未知严重事件,FATAL,floating point instr. enabled.....1,e36a28d281da,False,label_definition_or_severe_level_false_positive,人工复核该模板；结合历史正常模板、上下文和组件知识降低误报
259,-,未知严重事件,FATAL,floating point instr. enabled.....1,e36a28d281da,False,label_definition_or_severe_level_false_positive,人工复核该模板；结合历史正常模板、上下文和组件知识降低误报
260,-,未知严重事件,FATAL,auxiliary processor.........................0,60f890742e53,False,label_definition_or_severe_level_false_positive,人工复核该模板；结合历史正常模板、上下文和组件知识降低误报
261,-,未知严重事件,FATAL,machine check enable..............0,e2737f68b7b0,False,label_definition_or_severe_level_false_positive,人工复核该模板；结合历史正常模板、上下文和组件知识降低误报
262,-,未知严重事件,FATAL,machine check enable..............0,e2737f68b7b0,False,label_definition_or_severe_level_false_positive,人工复核该模板；结合历史正常模板、上下文和组件知识降低误报
263,-,未知严重事件,FATAL,floating pt ex mode 0 enable......0,ff6610c67990,False,label_definition_or_severe_level_false_positive,人工复核该模板；结合历史正常模板、上下文和组件知识降低误报
264,-,未知严重事件,FATAL,program interrupt: unimplemented operation..0,49f5c7475773,False,label_definition_or_severe_level_false_positive,人工复核该模板；结合历史正常模板、上下文和组件知识降低误报
265,-,未知严重事件,FATAL,debug interrupt enable............0,d5f018c8ff64,False,label_definition_or_severe_level_false_positive,人工复核该模板；结合历史正常模板、上下文和组件知识降低误报
266,-,未知严重事件,FATAL,floating pt ex mode 1 enable......0,ff6610c67990,False,label_definition_or_severe_level_false_positive,人工复核该模板；结合历史正常模板、上下文和组件知识降低误报
267,-,未知严重事件,FATAL,byte ordering exception.....................0,35a1ac300b14,False,label_definition_or_severe_level_false_positive,人工复核该模板；结合历史正常模板、上下文和组件知识降低误报
268,-,未知严重事件,FATAL,byte ordering exception.....................0,35a1ac300b14,False,label_definition_or_severe_level_false_positive,人工复核该模板；结合历史正常模板、上下文和组件知识降低误报
269,-,未知严重事件,FATAL,data address space................0,32876314a442,False,label_definition_or_severe_level_false_positive,人工复核该模板；结合历史正常模板、上下文和组件知识降低误报
270,-,未知严重事件,FATAL,data address space................0,32876314a442,False,label_definition_or_severe_level_false_positive,人工复核该模板；结合历史正常模板、上下文和组件知识降低误报
271,-,未知严重事件,FATAL,program interrupt: imprecise exception......0,2663a9b074d7,False,label_definition_or_severe_level_false_positive,人工复核该模板；结合历史正常模板、上下文和组件知识降低误报
272,-,未知严重事件,FATAL,core configuration register: 0x00002000,eda0323011ed,False,label_definition_or_severe_level_false_positive,人工复核该模板；结合历史正常模板、上下文和组件知识降低误报
273,-,未知严重事件,FATAL,program interrupt: imprecise exception......0,2663a9b074d7,False,label_definition_or_severe_level_false_positive,人工复核该模板；结合历史正常模板、上下文和组件知识降低误报
274,-,未知严重事件,FATAL,program interrupt: fp cr update.............0,6362c02c1330,False,label_definition_or_severe_level_false_positive,人工复核该模板；结合历史正常模板、上下文和组件知识降低误报
275,-,未知严重事件,FATAL,guaranteed instruction cache block touch.0,5005c8658c72,False,label_definition_or_severe_level_false_positive,人工复核该模板；结合历史正常模板、上下文和组件知识降低误报
276,-,未知严重事件,FATAL,guaranteed instruction cache block touch.0,5005c8658c72,False,label_definition_or_severe_level_false_positive,人工复核该模板；结合历史正常模板、上下文和组件知识降低误报
277,-,未知严重事件,FATAL,program interrupt: fp cr field .............0,d6e64d7add79,False,label_definition_or_severe_level_false_positive,人工复核该模板；结合历史正常模板、上下文和组件知识降低误报
278,-,未知严重事件,FATAL,program interrupt: fp cr field .............0,d6e64d7add79,False,label_definition_or_severe_level_false_positive,人工复核该模板；结合历史正常模板、上下文和组件知识降低误报
279,-,未知严重事件,FATAL,program interrupt: fp cr field .............0,d6e64d7add79,False,label_definition_or_severe_level_false_positive,人工复核该模板；结合历史正常模板、上下文和组件知识降低误报
280,-,未知严重事件,FATAL,guaranteed data cache block touch........1,e2f1cae3e48b,False,label_definition_or_severe_level_false_positive,人工复核该模板；结合历史正常模板、上下文和组件知识降低误报
281,-,未知严重事件,FATAL,program interrupt: fp cr field .............0,d6e64d7add79,False,label_definition_or_severe_level_false_positive,人工复核该模板；结合历史正常模板、上下文和组件知识降低误报
282,-,未知严重事件,FATAL,force load/store alignment...............0,474a647572c3,False,label_definition_or_severe_level_false_positive,人工复核该模板；结合历史正常模板、上下文和组件知识降低误报
283,-,未知严重事件,FATAL,icache prefetch depth....................0,0d9852c7810b,False,label_definition_or_severe_level_false_positive,人工复核该模板；结合历史正常模板、上下文和组件知识降低误报
284,-,未知严重事件,FATAL,machine state register: 0x00002000,0bc9a84091eb,False,label_definition_or_severe_level_false_positive,人工复核该模板；结合历史正常模板、上下文和组件知识降低误报
285,-,未知严重事件,FATAL,machine state register: 0x00002000,0bc9a84091eb,False,label_definition_or_severe_level_false_positive,人工复核该模板；结合历史正常模板、上下文和组件知识降低误报
286,-,未知严重事件,FATAL,icache prefetch threshold................0,aec493fd796c,False,label_definition_or_severe_level_false_positive,人工复核该模板；结合历史正常模板、上下文和组件知识降低误报
287,-,未知严重事件,FATAL,icache prefetch threshold................0,aec493fd796c,False,label_definition_or_severe_level_false_positive,人工复核该模板；结合历史正常模板、上下文和组件知识降低误报
288,-,未知严重事件,FATAL,machine state register: 0x00002000,0bc9a84091eb,False,label_definition_or_severe_level_false_positive,人工复核该模板；结合历史正常模板、上下文和组件知识降低误报
289,-,未知严重事件,FATAL,wait state enable.................0,1db63d7d1152,False,label_definition_or_severe_level_false_positive,人工复核该模板；结合历史正常模板、上下文和组件知识降低误报
290,-,未知严重事件,FATAL,critical input interrupt enable...0,a688583b63af,False,label_definition_or_severe_level_false_positive,人工复核该模板；结合历史正常模板、上下文和组件知识降低误报
291,-,未知严重事件,FATAL,"problem state (0=sup,1=usr).......0",5faa7f6dd8c3,False,label_definition_or_severe_level_false_positive,人工复核该模板；结合历史正常模板、上下文和组件知识降低误报
292,-,未知严重事件,FATAL,"problem state (0=sup,1=usr).......0",5faa7f6dd8c3,False,label_definition_or_severe_level_false_positive,人工复核该模板；结合历史正常模板、上下文和组件知识降低误报
293,-,未知严重事件,FATAL,floating point instr. enabled.....1,e36a28d281da,False,label_definition_or_severe_level_false_positive,人工复核该模板；结合历史正常模板、上下文和组件知识降低误报
294,-,未知严重事件,FATAL,special purpose registers:,076713e59c4b,False,label_definition_or_severe_level_false_positive,人工复核该模板；结合历史正常模板、上下文和组件知识降低误报
295,-,未知严重事件,FATAL,lr:00004ed0 cr:28244842 xer:20000002 ctr:00086000,8d523a47e77a,False,label_definition_or_severe_level_false_positive,人工复核该模板；结合历史正常模板、上下文和组件知识降低误报
296,-,未知严重事件,FATAL,rts internal error,ff691d4a79cf,False,label_definition_or_severe_level_false_positive,人工复核该模板；结合历史正常模板、上下文和组件知识降低误报
297,-,未知严重事件,FATAL,floating pt ex mode 0 enable......0,ff6610c67990,False,label_definition_or_severe_level_false_positive,人工复核该模板；结合历史正常模板、上下文和组件知识降低误报
298,-,未知严重事件,FATAL,floating pt ex mode 0 enable......0,ff6610c67990,False,label_definition_or_severe_level_false_positive,人工复核该模板；结合历史正常模板、上下文和组件知识降低误报
299,-,未知严重事件,FATAL,debug wait enable.................0,10dc15541545,False,label_definition_or_severe_level_false_positive,人工复核该模板；结合历史正常模板、上下文和组件知识降低误报
300,-,未知严重事件,FATAL,floating pt ex mode 1 enable......0,ff6610c67990,False,label_definition_or_severe_level_false_positive,人工复核该模板；结合历史正常模板、上下文和组件知识降低误报
301,-,未知严重事件,FATAL,instruction address space.........0,e15402430be3,False,label_definition_or_severe_level_false_positive,人工复核该模板；结合历史正常模板、上下文和组件知识降低误报
302,-,未知严重事件,FATAL,data address space................0,32876314a442,False,label_definition_or_severe_level_false_positive,人工复核该模板；结合历史正常模板、上下文和组件知识降低误报
303,-,未知严重事件,FATAL,data address space................0,32876314a442,False,label_definition_or_severe_level_false_positive,人工复核该模板；结合历史正常模板、上下文和组件知识降低误报
304,-,未知严重事件,FATAL,data address space................0,32876314a442,False,label_definition_or_severe_level_false_positive,人工复核该模板；结合历史正常模板、上下文和组件知识降低误报
305,-,未知严重事件,FATAL,core configuration register: 0x00002000,eda0323011ed,False,label_definition_or_severe_level_false_positive,人工复核该模板；结合历史正常模板、上下文和组件知识降低误报
306,-,未知严重事件,FATAL,core configuration register: 0x00002000,eda0323011ed,False,label_definition_or_severe_level_false_positive,人工复核该模板；结合历史正常模板、上下文和组件知识降低误报
307,-,未知严重事件,FATAL,core configuration register: 0x00002000,eda0323011ed,False,label_definition_or_severe_level_false_positive,人工复核该模板；结合历史正常模板、上下文和组件知识降低误报
308,-,未知严重事件,FATAL,core configuration register: 0x00002000,eda0323011ed,False,label_definition_or_severe_level_false_positive,人工复核该模板；结合历史正常模板、上下文和组件知识降低误报
309,-,未知严重事件,FATAL,core configuration register: 0x00002000,eda0323011ed,False,label_definition_or_severe_level_false_positive,人工复核该模板；结合历史正常模板、上下文和组件知识降低误报
310,-,未知严重事件,FATAL,core configuration register: 0x00002000,eda0323011ed,False,label_definition_or_severe_level_false_positive,人工复核该模板；结合历史正常模板、上下文和组件知识降低误报
311,-,未知严重事件,FATAL,disable store gathering..................0,c48af37409cf,False,label_definition_or_severe_level_false_positive,人工复核该模板；结合历史正常模板、上下文和组件知识降低误报
312,-,未知严重事件,FATAL,disable store gathering..................0,c48af37409cf,False,label_definition_or_severe_level_false_positive,人工复核该模板；结合历史正常模板、上下文和组件知识降低误报
313,-,未知严重事件,FATAL,disable store gathering..................0,c48af37409cf,False,label_definition_or_severe_level_false_positive,人工复核该模板；结合历史正常模板、上下文和组件知识降低误报
362,-,未知严重事件,FATAL,"ciod: Error loading /home/draeger/testQboxhang-nozerobytebug-nosleepyescomm: invalid or missing program image, No such file or directory",57ac3531388f,False,label_definition_or_severe_level_false_positive,人工复核该模板；结合历史正常模板、上下文和组件知识降低误报
372,-,未知严重事件,FATAL,"ciod: Error loading ./runtime_malloc: invalid or missing program image, No such file or directory",bfe4ecdd6eb9,False,label_definition_or_severe_level_false_positive,人工复核该模板；结合历史正常模板、上下文和组件知识降低误报
429,-,未知严重事件,FATAL,"ciod: Error loading /home/glosli/src/ddcMD/ddcMD/1.1.13/ddcMDbglV: invalid or missing program image, No such file or directory",6bd0f4d0f686,False,label_definition_or_severe_level_false_positive,人工复核该模板；结合历史正常模板、上下文和组件知识降低误报
497,-,未知严重事件,FATAL,ciod: Error creating node map from file /p/gb2/welcome3/32k_128x256x1_8x4x4.map: Bad file descriptor,33e5ec9faec3,False,label_definition_or_severe_level_false_positive,人工复核该模板；结合历史正常模板、上下文和组件知识降低误报
623,-,未知严重事件,FATAL,ciod: Error creating node map from file /p/gb2/pakin1/sweep3d-5x5x400-10mk-3mmi-1024pes-xyzt/xyzt.map: Block device required,cccdcfc146dc,False,label_definition_or_severe_level_false_positive,人工复核该模板；结合历史正常模板、上下文和组件知识降低误报
822,-,未知严重事件,FATAL,"ciod: Error loading /home/greeno/raptor.new.dev.3d.BGL.CXX_XL.MPI.ex: invalid or missing program image, No such file or directory",2b3de2aeebea,False,label_definition_or_severe_level_false_positive,人工复核该模板；结合历史正常模板、上下文和组件知识降低误报
946,-,权限异常,FATAL,ciod: Error creating node map from file /home/pakin1/sweep3d-2.2b/results/random1-8x32x32x2.map: Permission denied,dd0745345661,True,label_definition_or_severe_level_false_positive,人工复核该模板；结合历史正常模板、上下文和组件知识降低误报
1031,-,未知严重事件,FATAL,debug wait enable.................0,10dc15541545,False,label_definition_or_severe_level_false_positive,人工复核该模板；结合历史正常模板、上下文和组件知识降低误报
1203,-,未知严重事件,ERROR,"Node card status: ALERT 0, ALERT 1, ALERT 2, ALERT 3 is (are) active. Clock Mode is Low. Clock Select is Midplane. Phy JTAG Reset is asserted. ASIC JTAG Reset is not asserted. Temperature Mask is not active. No temperature error. Temperature Limit Error Latch is clear. PGOOD is asserted. PGOOD error latch is clear. MPGOOD is OK. MPGOOD error latch is clear. The 2.5 volt rail is OK. The 1.5 volt rail is OK.",e31b5adc3ca2,False,label_definition_or_severe_level_false_positive,人工复核该模板；结合历史正常模板、上下文和组件知识降低误报
1208,-,未知严重事件,ERROR,"idoproxydb hit ASSERT condition: ASSERT expression=0 Source file=idotransportmgr.cpp Source line=1043 Function=int IdoTransportMgr::SendPacket(IdoUdpMgr*, BglCtlPavTrace*)",fbd76129fe98,False,label_definition_or_severe_level_false_positive,人工复核该模板；结合历史正常模板、上下文和组件知识降低误报
1209,-,未知严重事件,ERROR,"idoproxydb hit ASSERT condition: ASSERT expression=0 Source file=idotransportmgr.cpp Source line=1043 Function=int IdoTransportMgr::SendPacket(IdoUdpMgr*, BglCtlPavTrace*)",fbd76129fe98,False,label_definition_or_severe_level_false_positive,人工复核该模板；结合历史正常模板、上下文和组件知识降低误报
1210,-,未知严重事件,ERROR,"idoproxydb hit ASSERT condition: ASSERT expression=0 Source file=idotransportmgr.cpp Source line=1043 Function=int IdoTransportMgr::SendPacket(IdoUdpMgr*, BglCtlPavTrace*)",fbd76129fe98,False,label_definition_or_severe_level_false_positive,人工复核该模板；结合历史正常模板、上下文和组件知识降低误报
1211,-,未知严重事件,ERROR,"idoproxydb hit ASSERT condition: ASSERT expression=0 Source file=idotransportmgr.cpp Source line=1043 Function=int IdoTransportMgr::SendPacket(IdoUdpMgr*, BglCtlPavTrace*)",fbd76129fe98,False,label_definition_or_severe_level_false_positive,人工复核该模板；结合历史正常模板、上下文和组件知识降低误报
1212,-,未知严重事件,ERROR,"idoproxydb hit ASSERT condition: ASSERT expression=0 Source file=idotransportmgr.cpp Source line=1043 Function=int IdoTransportMgr::SendPacket(IdoUdpMgr*, BglCtlPavTrace*)",fbd76129fe98,False,label_definition_or_severe_level_false_positive,人工复核该模板；结合历史正常模板、上下文和组件知识降低误报
1213,-,未知严重事件,ERROR,"idoproxydb hit ASSERT condition: ASSERT expression=0 Source file=idotransportmgr.cpp Source line=1043 Function=int IdoTransportMgr::SendPacket(IdoUdpMgr*, BglCtlPavTrace*)",fbd76129fe98,False,label_definition_or_severe_level_false_positive,人工复核该模板；结合历史正常模板、上下文和组件知识降低误报
1214,-,未知严重事件,ERROR,"idoproxydb hit ASSERT condition: ASSERT expression=0 Source file=idotransportmgr.cpp Source line=1043 Function=int IdoTransportMgr::SendPacket(IdoUdpMgr*, BglCtlPavTrace*)",fbd76129fe98,False,label_definition_or_severe_level_false_positive,人工复核该模板；结合历史正常模板、上下文和组件知识降低误报
1215,-,未知严重事件,ERROR,"idoproxydb hit ASSERT condition: ASSERT expression=0 Source file=idotransportmgr.cpp Source line=1043 Function=int IdoTransportMgr::SendPacket(IdoUdpMgr*, BglCtlPavTrace*)",fbd76129fe98,False,label_definition_or_severe_level_false_positive,人工复核该模板；结合历史正常模板、上下文和组件知识降低误报
1216,-,未知严重事件,ERROR,"idoproxydb hit ASSERT condition: ASSERT expression=0 Source file=idotransportmgr.cpp Source line=1043 Function=int IdoTransportMgr::SendPacket(IdoUdpMgr*, BglCtlPavTrace*)",fbd76129fe98,False,label_definition_or_severe_level_false_positive,人工复核该模板；结合历史正常模板、上下文和组件知识降低误报
1232,-,未知严重事件,FATAL,rts tree/torus link training failed: wanted: B C X+ X- Y+ Y- Z+ Z- got: B C X- Y- Z+ Z-,9bf6d97179ce,False,label_definition_or_severe_level_false_positive,人工复核该模板；结合历史正常模板、上下文和组件知识降低误报
1239,-,未知严重事件,FATAL,"ciod: Error loading /bgl/apps/scaletest/performance/MINIBEN/mb_243_0810/allreduce.rts: invalid or missing program image, Exec format error",eeed8e6a4f19,False,label_definition_or_severe_level_false_positive,人工复核该模板；结合历史正常模板、上下文和组件知识降低误报
1240,-,未知严重事件,FATAL,"ciod: Error loading /bgl/apps/scaletest/performance/MINIBEN/mb_243_0810/allreduce.rts: invalid or missing program image, Exec format error",eeed8e6a4f19,False,label_definition_or_severe_level_false_positive,人工复核该模板；结合历史正常模板、上下文和组件知识降低误报
1241,-,未知严重事件,FATAL,"ciod: Error loading /bgl/apps/scaletest/performance/MINIBEN/mb_243_0810/allreduce.rts: invalid or missing program image, Exec format error",eeed8e6a4f19,False,label_definition_or_severe_level_false_positive,人工复核该模板；结合历史正常模板、上下文和组件知识降低误报
1242,-,未知严重事件,FATAL,"ciod: Error loading /bgl/apps/scaletest/performance/MINIBEN/mb_243_0810/allreduce.rts: invalid or missing program image, Exec format error",eeed8e6a4f19,False,label_definition_or_severe_level_false_positive,人工复核该模板；结合历史正常模板、上下文和组件知识降低误报
1243,-,未知严重事件,FATAL,"ciod: Error loading /bgl/apps/scaletest/performance/MINIBEN/mb_243_0810/allreduce.rts: invalid or missing program image, Exec format error",eeed8e6a4f19,False,label_definition_or_severe_level_false_positive,人工复核该模板；结合历史正常模板、上下文和组件知识降低误报
1244,-,未知严重事件,FATAL,"ciod: Error loading /bgl/apps/scaletest/performance/MINIBEN/mb_243_0810/allreduce.rts: invalid or missing program image, Exec format error",eeed8e6a4f19,False,label_definition_or_severe_level_false_positive,人工复核该模板；结合历史正常模板、上下文和组件知识降低误报
1245,-,未知严重事件,FATAL,"ciod: Error loading /bgl/apps/scaletest/performance/MINIBEN/mb_243_0810/allreduce.rts: invalid or missing program image, Exec format error",eeed8e6a4f19,False,label_definition_or_severe_level_false_positive,人工复核该模板；结合历史正常模板、上下文和组件知识降低误报
1246,-,未知严重事件,FATAL,"ciod: Error loading /bgl/apps/scaletest/performance/MINIBEN/mb_243_0810/allreduce.rts: invalid or missing program image, Exec format error",eeed8e6a4f19,False,label_definition_or_severe_level_false_positive,人工复核该模板；结合历史正常模板、上下文和组件知识降低误报
1247,-,未知严重事件,FATAL,"ciod: Error loading /bgl/apps/scaletest/performance/MINIBEN/mb_243_0810/allreduce.rts: invalid or missing program image, Exec format error",eeed8e6a4f19,False,label_definition_or_severe_level_false_positive,人工复核该模板；结合历史正常模板、上下文和组件知识降低误报
1248,-,未知严重事件,FATAL,"ciod: Error loading /bgl/apps/scaletest/performance/MINIBEN/mb_243_0810/allreduce.rts: invalid or missing program image, Exec format error",eeed8e6a4f19,False,label_definition_or_severe_level_false_positive,人工复核该模板；结合历史正常模板、上下文和组件知识降低误报
1249,-,未知严重事件,FATAL,"ciod: Error loading /bgl/apps/scaletest/performance/MINIBEN/mb_243_0810/allreduce.rts: invalid or missing program image, Exec format error",eeed8e6a4f19,False,label_definition_or_severe_level_false_positive,人工复核该模板；结合历史正常模板、上下文和组件知识降低误报
1250,-,未知严重事件,FATAL,"ciod: Error loading /bgl/apps/scaletest/performance/MINIBEN/mb_243_0810/allreduce.rts: invalid or missing program image, Exec format error",eeed8e6a4f19,False,label_definition_or_severe_level_false_positive,人工复核该模板；结合历史正常模板、上下文和组件知识降低误报
1251,-,未知严重事件,FATAL,"ciod: Error loading /bgl/apps/scaletest/performance/MINIBEN/mb_243_0810/allreduce.rts: invalid or missing program image, Exec format error",eeed8e6a4f19,False,label_definition_or_severe_level_false_positive,人工复核该模板；结合历史正常模板、上下文和组件知识降低误报
1252,-,未知严重事件,FATAL,"ciod: Error loading /bgl/apps/scaletest/performance/MINIBEN/mb_243_0810/allreduce.rts: invalid or missing program image, Exec format error",eeed8e6a4f19,False,label_definition_or_severe_level_false_positive,人工复核该模板；结合历史正常模板、上下文和组件知识降低误报
1253,-,未知严重事件,FATAL,"ciod: Error loading /bgl/apps/scaletest/performance/MINIBEN/mb_243_0810/allreduce.rts: invalid or missing program image, Exec format error",eeed8e6a4f19,False,label_definition_or_severe_level_false_positive,人工复核该模板；结合历史正常模板、上下文和组件知识降低误报
1254,-,未知严重事件,FATAL,ciod: LOGIN chdir(pwd) failed: No such file or directory,c143cff9e140,False,label_definition_or_severe_level_false_positive,人工复核该模板；结合历史正常模板、上下文和组件知识降低误报
1255,-,未知严重事件,FATAL,ciod: LOGIN chdir(pwd) failed: No such file or directory,c143cff9e140,False,label_definition_or_severe_level_false_positive,人工复核该模板；结合历史正常模板、上下文和组件知识降低误报
1256,-,未知严重事件,FATAL,"ciod: Error loading /bgl/apps/scaletest/stability/MDCASK/WORK/65576/inferno: invalid or missing program image, No such file or directory",996229cf7de7,False,label_definition_or_severe_level_false_positive,人工复核该模板；结合历史正常模板、上下文和组件知识降低误报
1263,-,未知严重事件,FATAL,ciod: LOGIN chdir(/p/bg1/da) failed: No such file or directory,2ef583542c13,False,label_definition_or_severe_level_false_positive,人工复核该模板；结合历史正常模板、上下文和组件知识降低误报
1272,-,未知严重事件,FATAL,ciod: LOGIN chdir(/home/germann2/SPaSM_static) failed: No such file or directory,7af93c7dfbac,False,label_definition_or_severe_level_false_positive,人工复核该模板；结合历史正常模板、上下文和组件知识降低误报
1279,-,未知严重事件,FATAL,ciod: LOGIN chdir(/home/germann2/BGL-demo) failed: No such file or directory,4b4086e3b4a4,False,label_definition_or_severe_level_false_positive,人工复核该模板；结合历史正常模板、上下文和组件知识降低误报
1380,-,未知严重事件,FATAL,ciod: LOGIN chdir(/bglscratch/bwallen/SWL/SYS-CALLS/testcases/kernel/syscalls/truncate) failed: No such file or directory,df1cefb93150,False,label_definition_or_severe_level_false_positive,人工复核该模板；结合历史正常模板、上下文和组件知识降低误报
1386,-,未知严重事件,FATAL,ciod: LOGIN chdir(/LAPACK_440d/BLAS) failed: No such file or directory,487148da863f,False,label_definition_or_severe_level_false_positive,人工复核该模板；结合历史正常模板、上下文和组件知识降低误报
1398,-,未知严重事件,FATAL,"ciod: Error loading /bgl/apps/swl-prep/rky-swl/MPI-PERF/IMB/perf_tests/IMB-MPI1.5124KB: invalid or missing program image, No such file or directory",37c51291b219,False,label_definition_or_severe_level_false_positive,人工复核该模板；结合历史正常模板、上下文和组件知识降低误报
1410,-,未知严重事件,FATAL,ciod: LOGIN chdir(/home/spelce1/UMT2K/umt2k/ckpt_umt2k_src/TEST/NEW_TEST) failed: No such file or directory,74ee83d7a368,False,label_definition_or_severe_level_false_positive,人工复核该模板；结合历史正常模板、上下文和组件知识降低误报
1411,-,未知严重事件,FATAL,ciod: LOGIN chdir(/home/spelce1/UMT2K/umt2k/ckpt_umt2k_src/TEST/NEW_TEST) failed: No such file or directory,74ee83d7a368,False,label_definition_or_severe_level_false_positive,人工复核该模板；结合历史正常模板、上下文和组件知识降低误报
1413,-,未知严重事件,FATAL,ciod: LOGIN chdir(/home/yates/SWL_tests/BGL64k_SWL_tests_develop/MPI-VAL/MPITs_v050902/rundir) failed: No such file or directory,c7a5b091bb65,False,label_definition_or_severe_level_false_positive,人工复核该模板；结合历史正常模板、上下文和组件知识降低误报
1415,-,未知严重事件,ERROR,"idoproxydb hit ASSERT condition: ASSERT expression=0 Source file=idotransportmgr.cpp Source line=1043 Function=int IdoTransportMgr::SendPacket(IdoUdpMgr*, BglCtlPavTrace*)",fbd76129fe98,False,label_definition_or_severe_level_false_positive,人工复核该模板；结合历史正常模板、上下文和组件知识降低误报
1416,-,未知严重事件,ERROR,"idoproxydb hit ASSERT condition: ASSERT expression=0 Source file=idotransportmgr.cpp Source line=1043 Function=int IdoTransportMgr::SendPacket(IdoUdpMgr*, BglCtlPavTrace*)",fbd76129fe98,False,label_definition_or_severe_level_false_positive,人工复核该模板；结合历史正常模板、上下文和组件知识降低误报
1417,-,未知严重事件,ERROR,"idoproxydb hit ASSERT condition: ASSERT expression=0 Source file=idotransportmgr.cpp Source line=1043 Function=int IdoTransportMgr::SendPacket(IdoUdpMgr*, BglCtlPavTrace*)",fbd76129fe98,False,label_definition_or_severe_level_false_positive,人工复核该模板；结合历史正常模板、上下文和组件知识降低误报
1418,-,未知严重事件,ERROR,"idoproxydb hit ASSERT condition: ASSERT expression=0 Source file=idotransportmgr.cpp Source line=1043 Function=int IdoTransportMgr::SendPacket(IdoUdpMgr*, BglCtlPavTrace*)",fbd76129fe98,False,label_definition_or_severe_level_false_positive,人工复核该模板；结合历史正常模板、上下文和组件知识降低误报
1419,-,未知严重事件,ERROR,"idoproxydb hit ASSERT condition: ASSERT expression=0 Source file=idotransportmgr.cpp Source line=1043 Function=int IdoTransportMgr::SendPacket(IdoUdpMgr*, BglCtlPavTrace*)",fbd76129fe98,False,label_definition_or_severe_level_false_positive,人工复核该模板；结合历史正常模板、上下文和组件知识降低误报
1420,-,未知严重事件,ERROR,"idoproxydb hit ASSERT condition: ASSERT expression=0 Source file=idotransportmgr.cpp Source line=1043 Function=int IdoTransportMgr::SendPacket(IdoUdpMgr*, BglCtlPavTrace*)",fbd76129fe98,False,label_definition_or_severe_level_false_positive,人工复核该模板；结合历史正常模板、上下文和组件知识降低误报
1421,-,未知严重事件,ERROR,"idoproxydb hit ASSERT condition: ASSERT expression=0 Source file=idotransportmgr.cpp Source line=1043 Function=int IdoTransportMgr::SendPacket(IdoUdpMgr*, BglCtlPavTrace*)",fbd76129fe98,False,label_definition_or_severe_level_false_positive,人工复核该模板；结合历史正常模板、上下文和组件知识降低误报
1422,-,未知严重事件,ERROR,"idoproxydb hit ASSERT condition: ASSERT expression=0 Source file=idotransportmgr.cpp Source line=1043 Function=int IdoTransportMgr::SendPacket(IdoUdpMgr*, BglCtlPavTrace*)",fbd76129fe98,False,label_definition_or_severe_level_false_positive,人工复核该模板；结合历史正常模板、上下文和组件知识降低误报
1423,-,未知严重事件,ERROR,"idoproxydb hit ASSERT condition: ASSERT expression=0 Source file=idotransportmgr.cpp Source line=1043 Function=int IdoTransportMgr::SendPacket(IdoUdpMgr*, BglCtlPavTrace*)",fbd76129fe98,False,label_definition_or_severe_level_false_positive,人工复核该模板；结合历史正常模板、上下文和组件知识降低误报
1424,-,未知严重事件,ERROR,"idoproxydb hit ASSERT condition: ASSERT expression=0 Source file=idotransportmgr.cpp Source line=1043 Function=int IdoTransportMgr::SendPacket(IdoUdpMgr*, BglCtlPavTrace*)",fbd76129fe98,False,label_definition_or_severe_level_false_positive,人工复核该模板；结合历史正常模板、上下文和组件知识降低误报
1425,-,未知严重事件,ERROR,"idoproxydb hit ASSERT condition: ASSERT expression=0 Source file=idotransportmgr.cpp Source line=1043 Function=int IdoTransportMgr::SendPacket(IdoUdpMgr*, BglCtlPavTrace*)",fbd76129fe98,False,label_definition_or_severe_level_false_positive,人工复核该模板；结合历史正常模板、上下文和组件知识降低误报
1426,-,未知严重事件,ERROR,"idoproxydb hit ASSERT condition: ASSERT expression=0 Source file=idotransportmgr.cpp Source line=1043 Function=int IdoTransportMgr::SendPacket(IdoUdpMgr*, BglCtlPavTrace*)",fbd76129fe98,False,label_definition_or_severe_level_false_positive,人工复核该模板；结合历史正常模板、上下文和组件知识降低误报
1427,-,未知严重事件,ERROR,"idoproxydb hit ASSERT condition: ASSERT expression=0 Source file=idotransportmgr.cpp Source line=1043 Function=int IdoTransportMgr::SendPacket(IdoUdpMgr*, BglCtlPavTrace*)",fbd76129fe98,False,label_definition_or_severe_level_false_positive,人工复核该模板；结合历史正常模板、上下文和组件知识降低误报
1428,-,未知严重事件,ERROR,"idoproxydb hit ASSERT condition: ASSERT expression=0 Source file=idotransportmgr.cpp Source line=1043 Function=int IdoTransportMgr::SendPacket(IdoUdpMgr*, BglCtlPavTrace*)",fbd76129fe98,False,label_definition_or_severe_level_false_positive,人工复核该模板；结合历史正常模板、上下文和组件知识降低误报
1429,-,未知严重事件,ERROR,"idoproxydb hit ASSERT condition: ASSERT expression=0 Source file=idotransportmgr.cpp Source line=1043 Function=int IdoTransportMgr::SendPacket(IdoUdpMgr*, BglCtlPavTrace*)",fbd76129fe98,False,label_definition_or_severe_level_false_positive,人工复核该模板；结合历史正常模板、上下文和组件知识降低误报
1430,-,未知严重事件,ERROR,"idoproxydb hit ASSERT condition: ASSERT expression=0 Source file=idotransportmgr.cpp Source line=1043 Function=int IdoTransportMgr::SendPacket(IdoUdpMgr*, BglCtlPavTrace*)",fbd76129fe98,False,label_definition_or_severe_level_false_positive,人工复核该模板；结合历史正常模板、上下文和组件知识降低误报
1431,-,未知严重事件,ERROR,"idoproxydb hit ASSERT condition: ASSERT expression=0 Source file=idotransportmgr.cpp Source line=1043 Function=int IdoTransportMgr::SendPacket(IdoUdpMgr*, BglCtlPavTrace*)",fbd76129fe98,False,label_definition_or_severe_level_false_positive,人工复核该模板；结合历史正常模板、上下文和组件知识降低误报
1432,-,未知严重事件,ERROR,"idoproxydb hit ASSERT condition: ASSERT expression=0 Source file=idotransportmgr.cpp Source line=1043 Function=int IdoTransportMgr::SendPacket(IdoUdpMgr*, BglCtlPavTrace*)",fbd76129fe98,False,label_definition_or_severe_level_false_positive,人工复核该模板；结合历史正常模板、上下文和组件知识降低误报
1433,-,未知严重事件,ERROR,"idoproxydb hit ASSERT condition: ASSERT expression=0 Source file=idotransportmgr.cpp Source line=1043 Function=int IdoTransportMgr::SendPacket(IdoUdpMgr*, BglCtlPavTrace*)",fbd76129fe98,False,label_definition_or_severe_level_false_positive,人工复核该模板；结合历史正常模板、上下文和组件知识降低误报
1434,-,未知严重事件,ERROR,"idoproxydb hit ASSERT condition: ASSERT expression=0 Source file=idotransportmgr.cpp Source line=1043 Function=int IdoTransportMgr::SendPacket(IdoUdpMgr*, BglCtlPavTrace*)",fbd76129fe98,False,label_definition_or_severe_level_false_positive,人工复核该模板；结合历史正常模板、上下文和组件知识降低误报
1435,-,未知严重事件,ERROR,"idoproxydb hit ASSERT condition: ASSERT expression=0 Source file=idotransportmgr.cpp Source line=1043 Function=int IdoTransportMgr::SendPacket(IdoUdpMgr*, BglCtlPavTrace*)",fbd76129fe98,False,label_definition_or_severe_level_false_positive,人工复核该模板；结合历史正常模板、上下文和组件知识降低误报
1436,-,未知严重事件,ERROR,"idoproxydb hit ASSERT condition: ASSERT expression=0 Source file=idotransportmgr.cpp Source line=1043 Function=int IdoTransportMgr::SendPacket(IdoUdpMgr*, BglCtlPavTrace*)",fbd76129fe98,False,label_definition_or_severe_level_false_positive,人工复核该模板；结合历史正常模板、上下文和组件知识降低误报
1437,-,未知严重事件,ERROR,"idoproxydb hit ASSERT condition: ASSERT expression=0 Source file=idotransportmgr.cpp Source line=1043 Function=int IdoTransportMgr::SendPacket(IdoUdpMgr*, BglCtlPavTrace*)",fbd76129fe98,False,label_definition_or_severe_level_false_positive,人工复核该模板；结合历史正常模板、上下文和组件知识降低误报
1438,-,未知严重事件,ERROR,"idoproxydb hit ASSERT condition: ASSERT expression=0 Source file=idotransportmgr.cpp Source line=1043 Function=int IdoTransportMgr::SendPacket(IdoUdpMgr*, BglCtlPavTrace*)",fbd76129fe98,False,label_definition_or_severe_level_false_positive,人工复核该模板；结合历史正常模板、上下文和组件知识降低误报
1441,-,未知严重事件,ERROR,"idoproxydb hit ASSERT condition: ASSERT expression=0 Source file=idotransportmgr.cpp Source line=1043 Function=int IdoTransportMgr::SendPacket(IdoUdpMgr*, BglCtlPavTrace*)",fbd76129fe98,False,label_definition_or_severe_level_false_positive,人工复核该模板；结合历史正常模板、上下文和组件知识降低误报
1442,-,未知严重事件,ERROR,"idoproxydb hit ASSERT condition: ASSERT expression=0 Source file=idotransportmgr.cpp Source line=1043 Function=int IdoTransportMgr::SendPacket(IdoUdpMgr*, BglCtlPavTrace*)",fbd76129fe98,False,label_definition_or_severe_level_false_positive,人工复核该模板；结合历史正常模板、上下文和组件知识降低误报
1443,-,未知严重事件,FATAL,"ciod: Error loading /home/yates//bandwidth.rts: invalid or missing program image, No such file or directory",046176d212e3,False,label_definition_or_severe_level_false_positive,人工复核该模板；结合历史正常模板、上下文和组件知识降低误报
1444,-,未知严重事件,FATAL,"ciod: Error loading /home/yates//torus-latency.rts: invalid or missing program image, No such file or directory",6e5f62cd8a0b,False,label_definition_or_severe_level_false_positive,人工复核该模板；结合历史正常模板、上下文和组件知识降低误报
1445,-,未知严重事件,FATAL,"ciod: Error loading /home/yates//torus-latency.rts: invalid or missing program image, No such file or directory",6e5f62cd8a0b,False,label_definition_or_severe_level_false_positive,人工复核该模板；结合历史正常模板、上下文和组件知识降低误报
1446,-,未知严重事件,FATAL,"ciod: Error loading /home/yates//torus-latency.rts: invalid or missing program image, No such file or directory",6e5f62cd8a0b,False,label_definition_or_severe_level_false_positive,人工复核该模板；结合历史正常模板、上下文和组件知识降低误报
1447,-,未知严重事件,FATAL,"ciod: Error loading /home/yates//broadcast.rts: invalid or missing program image, No such file or directory",7017d4c2ad16,False,label_definition_or_severe_level_false_positive,人工复核该模板；结合历史正常模板、上下文和组件知识降低误报
1448,-,未知严重事件,FATAL,rts: bad message header: expecting type 57 instead of type 3 (softheader=00131db8 81aa0003 00000002 00000000) PSR0=00001f01 PSR1=00000000 PRXF=00000002 PIXF=00000007,216975b00434,False,label_definition_or_severe_level_false_positive,人工复核该模板；结合历史正常模板、上下文和组件知识降低误报
1449,-,未知严重事件,FATAL,"ciod: Error loading /bgl/apps/SWL/performance/MINIBEN//bandwidth.rts: invalid or missing program image, No such file or directory",3ca756c93241,False,label_definition_or_severe_level_false_positive,人工复核该模板；结合历史正常模板、上下文和组件知识降低误报
1450,-,未知严重事件,FATAL,"ciod: Error loading /bgl/apps/SWL/performance/MINIBEN//torus-latency.rts: invalid or missing program image, No such file or directory",32f1392a2bc1,False,label_definition_or_severe_level_false_positive,人工复核该模板；结合历史正常模板、上下文和组件知识降低误报
1451,-,未知严重事件,FATAL,ciod: LOGIN chdir(/bgl/apps/SWL/performance/MINIBEN///2005.09.20-18.06.05) failed: No such file or directory,edc0e8b9892e,False,label_definition_or_severe_level_false_positive,人工复核该模板；结合历史正常模板、上下文和组件知识降低误报
1452,-,未知严重事件,FATAL,ciod: LOGIN chdir(/bgl/apps/SWL/performance/MINIBEN///2005.09.20-18.06.05) failed: No such file or directory,edc0e8b9892e,False,label_definition_or_severe_level_false_positive,人工复核该模板；结合历史正常模板、上下文和组件知识降低误报
1453,-,未知严重事件,FATAL,ciod: LOGIN chdir(/bgl/apps/SWL/performance/MINIBEN///2005.09.20-18.06.01) failed: No such file or directory,edc0e8b9892e,False,label_definition_or_severe_level_false_positive,人工复核该模板；结合历史正常模板、上下文和组件知识降低误报
1454,-,未知严重事件,FATAL,ciod: LOGIN chdir(/bgl/apps/SWL/performance/MINIBEN///2005.09.20-18.06.08) failed: No such file or directory,edc0e8b9892e,False,label_definition_or_severe_level_false_positive,人工复核该模板；结合历史正常模板、上下文和组件知识降低误报
1455,-,未知严重事件,FATAL,ciod: LOGIN chdir(/bgl/apps/SWL/performance/MINIBEN///2005.09.20-18.06.01) failed: No such file or directory,edc0e8b9892e,False,label_definition_or_severe_level_false_positive,人工复核该模板；结合历史正常模板、上下文和组件知识降低误报
1474,-,权限异常,FATAL,"ciod: Error loading /home/spelce1/HPCC_IBM/Urgent/Gunnels/VNM64/vnm.rts: invalid or missing program image, Permission denied",1b746f36b6ed,True,label_definition_or_severe_level_false_positive,人工复核该模板；结合历史正常模板、上下文和组件知识降低误报
1479,-,权限异常,FATAL,"ciod: Error loading /home/spelce1/HPCC_IBM/Urgent/VNM/64K/vnm.rts: invalid or missing program image, Permission denied",58e9c488ff0a,True,label_definition_or_severe_level_false_positive,人工复核该模板；结合历史正常模板、上下文和组件知识降低误报
1488,-,权限异常,FATAL,"ciod: Error loading /home/spelce1/HPCC_IBM/Urgent/COP/64K/vnm.rts: invalid or missing program image, Permission denied",69ca9c631df3,True,label_definition_or_severe_level_false_positive,人工复核该模板；结合历史正常模板、上下文和组件知识降低误报
1489,-,权限异常,FATAL,"ciod: Error loading /home/spelce1/HPCC_IBM/Urgent/COP/64K/vnm.rts: invalid or missing program image, Permission denied",69ca9c631df3,True,label_definition_or_severe_level_false_positive,人工复核该模板；结合历史正常模板、上下文和组件知识降低误报
1490,-,权限异常,FATAL,"ciod: Error loading /home/spelce1/HPCC_IBM/Urgent/COP/64K/vnm.rts: invalid or missing program image, Permission denied",69ca9c631df3,True,label_definition_or_severe_level_false_positive,人工复核该模板；结合历史正常模板、上下文和组件知识降低误报
1491,-,权限异常,FATAL,"ciod: Error loading /bgl/apps/followup/SPASM/spasm.254: invalid or missing program image, Permission denied",12f37a9ad413,True,label_definition_or_severe_level_false_positive,人工复核该模板；结合历史正常模板、上下文和组件知识降低误报
1492,-,权限异常,FATAL,"ciod: Error loading /bgl/apps/followup/SPASM/spasm.254: invalid or missing program image, Permission denied",12f37a9ad413,True,label_definition_or_severe_level_false_positive,人工复核该模板；结合历史正常模板、上下文和组件知识降低误报
1493,-,未知严重事件,FATAL,"ciod: Error loading /bgl/apps/followup/MINIBEN/MB_254_051007/torus-latency.rts: invalid or missing program image, No such file or directory",32b1af0f03f9,False,label_definition_or_severe_level_false_positive,人工复核该模板；结合历史正常模板、上下文和组件知识降低误报
1512,-,未知严重事件,FATAL,"ciod: Error loading /bgl/apps/followup/RAPTOR/new.raptor.trace: invalid or missing program image, Exec format error",b747ac602645,False,label_definition_or_severe_level_false_positive,人工复核该模板；结合历史正常模板、上下文和组件知识降低误报
1513,-,未知严重事件,FATAL,"ciod: Error loading /bgl/apps/followup/RAPTOR/new.raptor.trace: invalid or missing program image, Exec format error",b747ac602645,False,label_definition_or_severe_level_false_positive,人工复核该模板；结合历史正常模板、上下文和组件知识降低误报
1517,-,未知严重事件,FATAL,"ciod: Error loading allreduce_int_V1R1.rts: invalid or missing program image, No such file or directory",39058c955688,False,label_definition_or_severe_level_false_positive,人工复核该模板；结合历史正常模板、上下文和组件知识降低误报
1524,-,权限异常,FATAL,"ciod: Error loading /home/spelce1/HPCC_IBM/Urgent/COP/64K/hpcc-1.0.0.102905_opt_essl_cpm: invalid or missing program image, Permission denied",05744846e89a,True,label_definition_or_severe_level_false_positive,人工复核该模板；结合历史正常模板、上下文和组件知识降低误报
1529,-,权限异常,FATAL,"ciod: Error loading /g/g0/spelce1/HPCC_IBM/Urgent/COP/64K/RandomAccess.64R.rts: invalid or missing program image, Permission denied",f67ac313bd06,True,label_definition_or_severe_level_false_positive,人工复核该模板；结合历史正常模板、上下文和组件知识降低误报
1530,-,未知严重事件,FATAL,"ciod: Error loading /home.old/glosli/src/ddcMD/ddcMD1.1.17/bin/ddcMDGbglV: invalid or missing program image, No such file or directory",f28e0a184549,False,label_definition_or_severe_level_false_positive,人工复核该模板；结合历史正常模板、上下文和组件知识降低误报
1531,-,未知严重事件,FATAL,"ciod: Error loading /home.old/glosli/src/ddcMD/ddcMD1.1.18a/bin/ddcMDGbglV: invalid or missing program image, No such file or directory",2344210f12a1,False,label_definition_or_severe_level_false_positive,人工复核该模板；结合历史正常模板、上下文和组件知识降低误报
1694,-,权限异常,FATAL,"ciod: Error loading /bgl/apps/followup/RAPTOR/pre-study/raptor.newcomp.r1: invalid or missing program image, Permission denied",e7865efae1e1,True,label_definition_or_severe_level_false_positive,人工复核该模板；结合历史正常模板、上下文和组件知识降低误报
1695,-,权限异常,FATAL,"ciod: Error loading /bgl/apps/followup/RAPTOR/pre-study/raptor.newcomp.r1: invalid or missing program image, Permission denied",e7865efae1e1,True,label_definition_or_severe_level_false_positive,人工复核该模板；结合历史正常模板、上下文和组件知识降低误报
1720,-,未知严重事件,FATAL,program interrupt: privileged instruction...0,bc871b351237,False,label_definition_or_severe_level_false_positive,人工复核该模板；结合历史正常模板、上下文和组件知识降低误报
1759,-,权限异常,FATAL,"ciod: Error loading /bgl/apps/followup/SPaSM_static/SPaSM.460-1115: invalid or missing program image, Permission denied",5022610e4f4e,True,label_definition_or_severe_level_false_positive,人工复核该模板；结合历史正常模板、上下文和组件知识降低误报
1770,-,连接超时,INFO,MACHINE CHECK DCR read timeout (mc=e08x iar 0x00000000 lr 0xc00045a4),6d50831c34f4,True,label_definition_or_severe_level_false_positive,人工复核该模板；结合历史正常模板、上下文和组件知识降低误报
1771,-,连接超时,INFO,MACHINE CHECK DCR read timeout (mc=e08x iar 0x00000000 lr 0xc00045a4),6d50831c34f4,True,label_definition_or_severe_level_false_positive,人工复核该模板；结合历史正常模板、上下文和组件知识降低误报
1772,-,连接超时,INFO,MACHINE CHECK DCR read timeout (mc=e08x iar 0x00000000 lr 0xc00045a4),6d50831c34f4,True,label_definition_or_severe_level_false_positive,人工复核该模板；结合历史正常模板、上下文和组件知识降低误报
1773,-,连接超时,INFO,MACHINE CHECK DCR read timeout (mc=e08x iar 0x00000000 lr 0xc00045a4),6d50831c34f4,True,label_definition_or_severe_level_false_positive,人工复核该模板；结合历史正常模板、上下文和组件知识降低误报
1774,-,连接超时,INFO,MACHINE CHECK DCR read timeout (mc=e08x iar 0x00000000 lr 0xc00045a4),6d50831c34f4,True,label_definition_or_severe_level_false_positive,人工复核该模板；结合历史正常模板、上下文和组件知识降低误报
1775,-,连接超时,INFO,MACHINE CHECK DCR read timeout (mc=e08x iar 0x00000000 lr 0xc00045a4),6d50831c34f4,True,label_definition_or_severe_level_false_positive,人工复核该模板；结合历史正常模板、上下文和组件知识降低误报
1776,-,连接超时,INFO,MACHINE CHECK DCR read timeout (mc=e08x iar 0x00000000 lr 0xc00045a4),6d50831c34f4,True,label_definition_or_severe_level_false_positive,人工复核该模板；结合历史正常模板、上下文和组件知识降低误报
1787,-,未知严重事件,FATAL,dbcr0=0x00000000 dbsr=0x00000000 ccr0=0x40002000,f4afb5d3ce52,False,label_definition_or_severe_level_false_positive,人工复核该模板；结合历史正常模板、上下文和组件知识降低误报
1796,-,未知严重事件,FATAL,r24=0x0ffea4c8 r25=0x00000003 r26=0x0000000f r27=0xffffd000,3e107b1f5970,False,label_definition_or_severe_level_false_positive,人工复核该模板；结合历史正常模板、上下文和组件知识降低误报
1805,-,未知严重事件,FATAL,ciod: LOGIN chdir(/g/g0/spelce1/Linpack_SWL) failed: No such file or directory,7e8998f7f6d0,False,label_definition_or_severe_level_false_positive,人工复核该模板；结合历史正常模板、上下文和组件知识降低误报
1806,-,未知严重事件,FATAL,ciod: LOGIN chdir(/g/g0/spelce1/Linpack_SWL) failed: No such file or directory,7e8998f7f6d0,False,label_definition_or_severe_level_false_positive,人工复核该模板；结合历史正常模板、上下文和组件知识降低误报
1946,-,未知严重事件,FATAL,minus normalized number..................0,116079aeb25c,False,label_definition_or_severe_level_false_positive,人工复核该模板；结合历史正常模板、上下文和组件知识降低误报
1948,-,未知严重事件,FATAL,fraction rounded.........................0,b77bcf4dfe4b,False,label_definition_or_severe_level_false_positive,人工复核该模板；结合历史正常模板、上下文和组件知识降低误报
1951,-,未知严重事件,FATAL,size of scratchpad portion of L3.........0 (0M),34f4b4a64031,False,label_definition_or_severe_level_false_positive,人工复核该模板；结合历史正常模板、上下文和组件知识降低误报
1960,-,未知严重事件,FATAL,"ciod: Error loading /g/g90/glosli/src/ddcMD/ddcMD1.1.17/bin/ddcMDbglV: invalid or missing program image, No such file or directory",0b3d94f998ad,False,label_definition_or_severe_level_false_positive,人工复核该模板；结合历史正常模板、上下文和组件知识降低误报
1961,-,未知严重事件,FATAL,"ciod: Error loading /g/g90/glosli/src/ddcMD/ddcMD1.1.17/bin/ddcMDbglV: invalid or missing program image, No such file or directory",0b3d94f998ad,False,label_definition_or_severe_level_false_positive,人工复核该模板；结合历史正常模板、上下文和组件知识降低误报
1964,-,权限异常,FATAL,"ciod: Error loading /p/gb1/stella/SPPM/1322/sppm_DD: invalid or missing program image, Permission denied",e856ba40f51f,True,label_definition_or_severe_level_false_positive,人工复核该模板；结合历史正常模板、上下文和组件知识降低误报
1965,-,权限异常,FATAL,"ciod: Error loading /bgl/apps/SWL/stability/MDCASK/WORK/1383/inferno: invalid or missing program image, Permission denied",546cc60cc7d5,True,label_definition_or_severe_level_false_positive,人工复核该模板；结合历史正常模板、上下文和组件知识降低误报
1966,-,权限异常,FATAL,"ciod: Error loading /p/gb1/stella/UMT2K/1372/umt2k_DD: invalid or missing program image, Permission denied",4868bec9d27c,True,label_definition_or_severe_level_false_positive,人工复核该模板；结合历史正常模板、上下文和组件知识降低误报
1967,-,权限异常,FATAL,"ciod: Error loading /bgl/apps/SWL/stability/NEWS05/news05_DD: invalid or missing program image, Permission denied",e273a557218b,True,label_definition_or_severe_level_false_positive,人工复核该模板；结合历史正常模板、上下文和组件知识降低误报
1968,-,权限异常,FATAL,"ciod: Error loading /p/gb1/stella/UMT2K/1325/umt2k_DD: invalid or missing program image, Permission denied",4868bec9d27c,True,label_definition_or_severe_level_false_positive,人工复核该模板；结合历史正常模板、上下文和组件知识降低误报
1969,-,权限异常,FATAL,"ciod: Error loading /p/gb1/stella/UMT2K/1369/umt2k_DD: invalid or missing program image, Permission denied",4868bec9d27c,True,label_definition_or_severe_level_false_positive,人工复核该模板；结合历史正常模板、上下文和组件知识降低误报
1970,-,未知严重事件,FATAL,"ciod: Error loading /bgl/apps/SWL/stability/HPL/WORK/1498./hpl_DD: invalid or missing program image, No such file or directory",e86d777f1b7a,False,label_definition_or_severe_level_false_positive,人工复核该模板；结合历史正常模板、上下文和组件知识降低误报
1971,-,未知严重事件,FATAL,"ciod: Error loading /bgl/apps/SWL/stability/HPL/WORK/1501./hpl_DD: invalid or missing program image, No such file or directory",e86d777f1b7a,False,label_definition_or_severe_level_false_positive,人工复核该模板；结合历史正常模板、上下文和组件知识降低误报
1977,-,权限异常,FATAL,"ciod: Error loading /g/g0/spelce1/Tuned/SPaSM-base/rundir/SPaSM.baseline: invalid or missing program image, Permission denied",ac6478b29ba4,True,label_definition_or_severe_level_false_positive,人工复核该模板；结合历史正常模板、上下文和组件知识降低误报
1989,-,未知严重事件,FATAL,"ciod: Error loading /g/g24/buber/Yunsic/BlueGene/partad.develf/taddriver.32.exe: program image too big, 361544528 > 266076160",27627860f25d,False,label_definition_or_severe_level_false_positive,人工复核该模板；结合历史正常模板、上下文和组件知识降低误报
1990,-,未知严重事件,FATAL,fpr29=0xffffffff ffffffff ffffffff ffffffff,6ddf3105654e,False,label_definition_or_severe_level_false_positive,人工复核该模板；结合历史正常模板、上下文和组件知识降低误报
1991,-,未知严重事件,FATAL,Machine State Register: 0x0002f900,870b06d10f67,False,label_definition_or_severe_level_false_positive,人工复核该模板；结合历史正常模板、上下文和组件知识降低误报
